customer_id,name,location,gender
1,Matthew Davis MD,Florida,Male
2,Stephen Wood,New York,Male
3,Dennis Marshall,Florida,Female
4,Derrick Brown,Illinois,Female
5,Mary Miller,New York,Female
6,Joshua Arellano,Texas,Male
7,Kristen Randall,California,Female
8,Jennifer Nichols,Texas,Male
9,Karen Keith,Texas,Male
10,Blake Orr,California,Male
11,Kathryn Lester,New York,Male
12,Megan Oliver,Florida,Female
13,Peter Thompson,New York,Female
14,Dr. Rhonda Martinez,Florida,Female
15,William Graham,Texas,Female
16,Lori Flowers MD,New York,Female
17,Suzanne Jones,California,Female
18,James Nguyen,California,Female
19,Jimmy Marks,Florida,Female
20,Lisa Mills,Texas,Female
21,Jason Hernandez,Florida,Male
22,Olivia Ayers,Florida,Female
23,Kristine Garcia,Texas,Female
24,Joseph Cooper,Illinois,Female
25,James Washington,Florida,Female
26,Amanda Hill,New York,Female
27,Lee Steele,California,Female
28,Steve Rivera,California,Female
29,Patrick Mccall,New York,Female
30,Alicia Roth,New York,Female
31,Douglas Vasquez,New York,Male
32,Annette Melton,New York,Male
33,William Ramos,Texas,Female
34,Debra Butler,Texas,Female
35,Chelsea Lewis,Texas,Female
36,Natalie Malone,Illinois,Male
37,Samantha Robertson,Illinois,Male
38,Eric Hunter,Illinois,Male
39,Samuel Suarez,New York,Male
40,Corey Whitaker,New York,Female
41,Danielle Bryant,California,Female
42,Michele Hill,California,Male
43,Kathy Reid,Florida,Male
44,Andre Watson,New York,Male
45,Cassandra Harrell,Illinois,Female
46,Hannah Martin,California,Female
47,Nicole Barker,New York,Female
48,James Martin,Illinois,Male
49,Traci Vincent,Texas,Male
50,Megan Adams,New York,Female
51,Alejandro Deleon,Florida,Female
52,Alexa Buck,Illinois,Female
53,Lindsay Smith,California,Male
54,Robert Torres,New York,Male
55,Maria Coleman,California,Male
56,Gregory King,Florida,Male
57,Michael Holloway,Illinois,Female
58,Brian Hunt,Texas,Female
59,Sarah Brooks,Florida,Male
60,Lisa Evans,New York,Male
61,Arthur Mcneil,California,Male
62,Shannon Green,Illinois,Female
63,Stephanie Evans,Illinois,Male
64,Ralph Yoder,Illinois,Female
65,Rebekah Greene,California,Male
66,Melanie Griffith,New York,Male
67,Yolanda Green,Illinois,Female
68,James Johnson,New York,Male
69,Laura Lee,Florida,Male
70,Courtney Nichols,California,Female
71,Susan Powers,New York,Male
72,Sarah Pittman,California,Female
73,Catherine Davis,Florida,Male
74,David Stokes,Florida,Male
75,Catherine Frazier,Texas,Female
76,Brandon Kelly,Illinois,Female
77,Elizabeth French,New York,Female
78,David Carter,New York,Male
79,Julie Delacruz,Florida,Female
80,Terry Jones,California,Male
81,Kathryn Dillon,Florida,Male
82,Edwin Brown,California,Male
83,Brenda Gonzalez,Illinois,Male
84,Keith Knox,California,Female
85,Eugene Baldwin,California,Male
86,Katherine Welch,New York,Female
87,Mark Smith,California,Male
88,Philip Jackson,California,Female
89,Katherine Gallagher,California,Male
90,Lucas Schultz,Florida,Female
91,Vincent Reyes,Illinois,Female
92,Curtis Watson,Texas,Male
93,Frank Whitaker,Illinois,Male
94,Michael Sims,California,Male
95,Michael Cooper,California,Male
96,James Chapman,Illinois,Female
97,Rodney Evans,Florida,Female
98,Nicholas Carlson,Florida,Female
99,Stephen Cowan,Florida,Male
100,Steven Howard,Illinois,Female
101,Travis Hull,Florida,Female
102,Darryl Acosta,Florida,Female
103,Nicholas Lawrence,Texas,Female
104,Jacob Santos,Texas,Female
105,Shawn Scott,Illinois,Female
106,Amber Vang,Texas,Male
107,Martha Smith,Florida,Male
108,Jennifer James,New York,Female
109,Kara Hernandez,California,Female
110,Lorraine Turner,Texas,Female
111,Mary Nelson,Florida,Male
112,Breanna Rivas,Florida,Male
113,Nathan Wilson,Texas,Male
114,Brian Gonzalez,New York,Male
115,Dennis Mills,New York,Female
116,Michael Phillips,New York,Female
117,Jon Clark,New York,Male
118,Erin Smith,New York,Male
119,Susan Conley,Illinois,Female
120,Brittany Davis,Florida,Female
121,Misty Garcia,California,Female
122,David Hinton,Florida,Male
123,John Garcia,Florida,Female
124,Andrew Roberts,Illinois,Female
125,Emily Rodgers,Illinois,Male
126,Peter Williams,Florida,Female
127,Mary Jackson,Illinois,Male
128,Jeffrey Howell,Illinois,Male
129,Anna Briggs,Texas,Female
130,James Rivers,Illinois,Female
131,James Jefferson,Texas,Female
132,Mariah Robles,California,Female
133,Michael Brown,New York,Female
134,Caitlin Perry,Florida,Female
135,Rebekah Gregory,California,Female
136,James Howard,Texas,Male
137,Michael Roberson,Florida,Female
138,Bianca Knapp,Texas,Female
139,Jason Williams,Texas,Female
140,Ernest Bush,Illinois,Male
141,Patricia Ray,California,Male
142,Vanessa Santiago,California,Male
143,Joseph Haynes,Illinois,Female
144,Matthew Wright,California,Female
145,Michael Cruz,New York,Female
146,Kristin Huerta,Illinois,Female
147,Mason Moore,Illinois,Male
148,Sarah Booth,Texas,Male
149,John Allen,Texas,Female
150,Amber Walker,Illinois,Female
151,Jennifer Young,California,Male
152,Robert West,California,Female
153,Jillian Wilson,Texas,Female
154,Matthew Garcia MD,Illinois,Male
155,April Davis,California,Male
156,Lisa Torres,Texas,Female
157,Christine Powers,Florida,Male
158,Heidi Brown,Florida,Female
159,Jesse Castro,Texas,Male
160,Kara Sandoval,Florida,Female
161,Ashley Malone,Florida,Male
162,Glenn Gallegos,Illinois,Female
163,Dorothy Boyd,Illinois,Male
164,Amber Martin,Illinois,Male
165,Mitchell Griffith,California,Female
166,Levi Lopez,New York,Female
167,Jenna Bryant,Illinois,Female
168,Michelle Rodriguez,New York,Female
169,Timothy Monroe,New York,Male
170,Patricia Hayes,Florida,Male
171,Tina Taylor,Illinois,Male
172,Mr. Anthony Mcconnell PhD,New York,Male
173,Mr. Thomas Thompson,New York,Female
174,Monica Anderson,New York,Male
175,Kyle Andrade,California,Female
176,Janice Petty,New York,Male
177,Pamela Hill,New York,Male
178,Tracy Chavez,New York,Female
179,Jason Graves,Illinois,Male
180,Elizabeth Miles,Florida,Female
181,Michelle Walls,Texas,Male
182,Christina Weber,New York,Female
183,Gregory Chambers,New York,Female
184,Miss Tina Gordon,Illinois,Female
185,Erica Wilson,New York,Female
186,John Duncan,Florida,Female
187,Jennifer Adkins,Florida,Female
188,Donna Boone,New York,Female
189,Kelly Johnson,California,Male
190,Michael Gonzalez,Florida,Male
191,Candace Mitchell,California,Male
192,Ryan Vaughn,Illinois,Male
193,Paul Johnson,New York,Male
194,Ashley Parrish,Florida,Female
195,Sharon Newton,Texas,Female
196,Cynthia Mueller,Florida,Male
197,Donna Beck,Illinois,Male
198,Jasmine Frye,Florida,Female
199,Emily Arnold,Texas,Male
200,David Oliver,California,Male
201,Sheila Greer,Florida,Female
202,Michele Holland,Florida,Female
203,Kimberly Morrison,Illinois,Male
204,Tracey Phillips,New York,Female
205,Michael Lopez,New York,Male
206,Jose Bennett,California,Female
207,Justin Anderson,New York,Female
208,Dawn Rivera,Texas,Male
209,Brittney Hernandez,Texas,Male
210,Anthony Randolph,New York,Male
211,Mary Henry,New York,Female
212,Heather Bowers,Illinois,Female
213,Daniel White,Illinois,Male
214,Jonathan Perry,Florida,Male
215,Anna Walker,California,Female
216,Gary Ward,California,Male
217,Paul Moreno,Texas,Female
218,Samantha Zavala MD,Florida,Male
219,Jill Conway,Texas,Male
220,Lisa Haley,Texas,Female
221,Erica Moon,Texas,Female
222,Janice Fernandez,California,Female
223,Thomas Short,Texas,Female
224,Robert Griffin,Florida,Female
225,Steven Lee,Florida,Female
226,Tiffany Jackson,Texas,Male
227,Kimberly Smith,California,Male
228,Michael Ayala,California,Male
229,Jessica Garcia,Illinois,Male
230,Michele Cherry,New York,Male
231,Maria Case,Illinois,Female
232,Brittany Stevens,Illinois,Male
233,Brandon Brown,New York,Female
234,Kristin Andrews,California,Female
235,David Hughes,Florida,Female
236,Jessica Smith,Illinois,Female
237,Kimberly May,Illinois,Female
238,Nicole Richards,New York,Male
239,Angel Reilly,Florida,Female
240,Richard Turner,Florida,Female
241,Preston Kim,California,Male
242,Matthew Wells,Texas,Male
243,Brandy Myers,Florida,Male
244,Kimberly Choi,California,Male
245,Michael Sloan,Illinois,Female
246,Monica Brooks,New York,Male
247,Kristen Peters,Florida,Female
248,Aaron Carlson,New York,Female
249,Theresa Torres,Texas,Male
250,Stephanie Cooper,Illinois,Female
251,Matthew Hunt,New York,Male
252,Daniel Davenport,Florida,Male
253,Christopher Marsh,California,Male
254,Sarah Randolph,California,Male
255,Julia Dunn MD,Texas,Female
256,Brett Swanson,California,Male
257,Mr. Carl Rios,Texas,Male
258,Manuel Mccullough,California,Male
259,Jerry Jensen,New York,Female
260,Kevin Cunningham,Illinois,Female
261,Eugene Patterson,Florida,Male
262,David Walker,New York,Female
263,Jessica Larsen,Illinois,Female
264,Nicholas Humphrey,Texas,Female
265,Ian Torres,Illinois,Female
266,Casey Obrien,Texas,Female
267,Shannon Taylor,Texas,Female
268,Deborah Mercado,New York,Male
269,Bernard Smith,Texas,Male
270,Amanda Perkins,California,Female
271,Kevin Escobar,New York,Male
272,Kimberly Lutz,Florida,Female
273,Reginald Diaz,California,Male
274,Raymond Quinn,New York,Male
275,John Dixon,Illinois,Male
276,Jonathan Bates,Texas,Female
277,Renee Mendez,Florida,Female
278,Jose Griffin,New York,Male
279,Travis Hopkins,Florida,Female
280,Nancy Webb,Texas,Male
281,Daniel Freeman,Texas,Female
282,Jacob Williams,New York,Male
283,Terry Ward,California,Female
284,Jesse Williams,Florida,Male
285,Mrs. Michele Boyd,Florida,Female
286,Sandy Baker,Illinois,Female
287,Carrie Valdez,Texas,Male
288,Matthew Houston,Texas,Female
289,Jamie Solomon,Texas,Male
290,Heather Parrish,Texas,Female
291,Mr. Larry Shaw,New York,Male
292,Christopher Jones,Florida,Male
293,Christine Lopez,Florida,Male
294,Mitchell Wilson,Texas,Female
295,Robert Cortez,Florida,Female
296,Mr. Daniel Martin,Florida,Female
297,Alison Williams,Illinois,Male
298,Candace Soto,Illinois,Female
299,Kenneth Brown,New York,Male
300,Christopher Mullen,Florida,Male
301,Kristy Smith,California,Female
302,Mary Campbell,New York,Male
303,Jerry Haney,Florida,Female
304,Carolyn Greer,Florida,Female
305,Rebecca Hoover,New York,Male
306,Matthew Baker,Illinois,Female
307,Grace Chavez,Florida,Female
308,Crystal Cruz,Illinois,Male
309,Dale Heath,Florida,Female
310,Jennifer Hernandez,Illinois,Female
311,John Mendez,New York,Female
312,Richard Gordon,Texas,Male
313,John Anderson,Texas,Male
314,Samantha Prince,Illinois,Male
315,Marie Boyd,Texas,Female
316,Andrew Moreno,Illinois,Female
317,Robert Clarke,Florida,Female
318,Kevin Figueroa,New York,Male
319,Melissa Davis,California,Female
320,John Hall,Texas,Male
321,Diane Mcdowell,Illinois,Female
322,Colin Fletcher,Florida,Female
323,Laura Wilson,Texas,Female
324,Matthew Watts,Florida,Male
325,Jack Moore,New York,Female
326,Dawn Wyatt,California,Female
327,Jacob Hill,Texas,Male
328,Nicole Gutierrez,California,Male
329,Karen Wood,California,Male
330,Dawn Parker,Texas,Male
331,Michael Fitzgerald,California,Male
332,Mary Adkins,Illinois,Female
333,Michael Martin,California,Female
334,James Morgan,Texas,Male
335,Melissa Mann,Texas,Female
336,Vincent Smith,New York,Male
337,Charles Frost,Florida,Male
338,Austin Walker,California,Male
339,Andrew Cruz,California,Female
340,Miss Kelly Dawson,Texas,Male
341,Theresa Wilkins,New York,Female
342,Jessica Harris,Texas,Female
343,Regina Mitchell,New York,Female
344,Kyle Black,California,Male
345,Christopher Johnson,New York,Female
346,Aaron Moore,Texas,Female
347,Penny Gomez MD,California,Female
348,Kelly Mclaughlin,New York,Female
349,Brandon Mitchell,Illinois,Female
350,Suzanne Bailey,Illinois,Female
351,Destiny Obrien,New York,Female
352,Timothy Andrews,Florida,Female
353,Jason Rodriguez,Florida,Female
354,Edward Arroyo,Illinois,Female
355,Tina Walter,Florida,Male
356,Laura Benson,Florida,Female
357,Kristine Carrillo,Texas,Female
358,Tonya Ellis,Texas,Male
359,Kevin Johnson,New York,Male
360,Austin Schultz,Florida,Female
361,Megan Hall MD,Florida,Male
362,Kelli Smith,Illinois,Male
363,Danielle Davis,Illinois,Female
364,Samantha Jones,Texas,Female
365,Karen Gomez,Texas,Female
366,Debra Valentine,Texas,Male
367,Susan Porter,New York,Male
368,Nicolas Salas,California,Female
369,Dale Wright,Florida,Male
370,Brittney Rodriguez,California,Male
371,Megan Alvarado,California,Female
372,Pamela Weaver,Florida,Female
373,John Oliver,Florida,Female
374,William Prince PhD,Florida,Male
375,William Moon IV,California,Male
376,Kenneth Brown,California,Male
377,Karen Fernandez,New York,Female
378,Jennifer Parks,Illinois,Female
379,William Wolfe,New York,Male
380,Michael Smith,California,Male
381,Kevin Nguyen,Florida,Male
382,Debbie Dunn,Texas,Female
383,John Austin,Texas,Male
384,Jonathan Clark,California,Male
385,Jacqueline Dickerson,Florida,Female
386,Christopher Anderson,California,Male
387,Crystal Garcia,Illinois,Male
388,David Reynolds,New York,Male
389,Charles Haley,Florida,Male
390,Robert Thompson,Illinois,Female
391,Dr. Samuel Holmes DDS,California,Male
392,Elizabeth Hart,California,Male
393,Jennifer Vaughn,Florida,Male
394,Robert Woods,Florida,Female
395,Joanna Cook,Illinois,Female
396,Justin Frederick,Illinois,Male
397,Alejandro Martinez,California,Female
398,Tracey Gonzalez,New York,Female
399,Mariah Thompson,California,Male
400,Heather Nunez,Texas,Male
401,Dr. Steve James,Florida,Female
402,Mark Thomas,New York,Male
403,Robert Rogers,California,Male
404,Laura Sweeney,California,Male
405,Christopher Perez,Florida,Male
406,Eddie Adams,Florida,Female
407,Denise Wallace,New York,Male
408,Heidi Matthews,Texas,Male
409,Jennifer White,Illinois,Female
410,Nicholas Stanley,Texas,Female
411,Mercedes Miller,New York,Female
412,Brian Brown,California,Male
413,Kimberly Johnson,New York,Male
414,Phillip Miller,Florida,Male
415,Christopher Pena,California,Male
416,Ellen Wright,Texas,Male
417,Mark Anderson,Texas,Male
418,Alyssa Alvarado,Texas,Male
419,Erika Alvarez,Texas,Male
420,Kimberly Nelson,California,Female
421,Wayne Wolfe,Illinois,Female
422,Kyle Welch,Illinois,Male
423,Kristy Mills,Texas,Male
424,Emily Reed,Illinois,Male
425,Regina Ramos,Illinois,Female
426,David Torres,New York,Female
427,Robert Charles,Florida,Male
428,John Smith,Texas,Male
429,Theresa Woods,Illinois,Male
430,Jeffrey Carter,Illinois,Male
431,Adam Brooks,Illinois,Male
432,Justin Foster,California,Male
433,Omar Price,Texas,Female
434,Dennis Henderson,New York,Male
435,Phillip Kent,California,Female
436,Melinda Mitchell,Texas,Male
437,Rhonda Gutierrez,New York,Female
438,Catherine Roberts,New York,Male
439,Lisa Nelson,Florida,Male
440,Chelsea Smith,New York,Male
441,Joseph Lopez,California,Male
442,Derrick Espinoza,Illinois,Male
443,Crystal Hernandez,Illinois,Male
444,Glenn Collins DDS,Illinois,Female
445,Mrs. Raven Rivera DVM,Florida,Male
446,Amy Rowe,Florida,Male
447,John Lee,California,Male
448,Ruth Clayton,Texas,Male
449,Randy Wright,California,Male
450,Jessica Rojas,Florida,Female
451,Joel Wise,Illinois,Female
452,Vickie Kennedy,New York,Male
453,Emily Morris,New York,Male
454,Amanda Pineda,Florida,Female
455,Dawn Little,New York,Female
456,Stephen Boyer,California,Female
457,Brian Chen,New York,Female
458,Christopher Hill,Texas,Female
459,Richard Smith,New York,Male
460,Richard Alvarez,Texas,Male
461,Jacqueline Davis,New York,Male
462,Brandon Montgomery,California,Female
463,Yolanda Garrett,California,Male
464,Matthew Miles,New York,Male
465,Beth Hall,California,Male
466,Dr. Nicole Trujillo,Florida,Female
467,Corey Norris,California,Male
468,Chad Roach,Illinois,Female
469,Mr. Edward Terry,Texas,Male
470,Cody Bailey,New York,Female
471,Denise Guerra,New York,Male
472,Kristen Jones,California,Female
473,Edward Baker,Illinois,Female
474,Aaron Little,New York,Female
475,Cody Smith,New York,Male
476,Patty Allen,Texas,Male
477,Mary Ryan,Texas,Female
478,Joseph Jimenez,California,Male
479,Lisa Morris,New York,Male
480,Ashley Mills,Florida,Male
481,Russell Anderson,California,Female
482,Christina Washington,California,Female
483,Kenneth Huff,California,Female
484,Kelly Miles,Texas,Male
485,Jacob Obrien,Texas,Male
486,Timothy Clark,Florida,Male
487,Steve Miller PhD,California,Female
488,Justin Hurley,Florida,Female
489,Jacob Erickson,Florida,Female
490,Deborah Williams,Illinois,Male
491,Eric Blackburn,Illinois,Male
492,Anne Hardy,Texas,Female
493,Chelsey Fox,Florida,Male
494,Mario White,Illinois,Female
495,Jennifer Garcia,Texas,Male
496,Heather Ellis,Illinois,Female
497,Sonya Jackson,Illinois,Male
498,James Morgan,Florida,Female
499,Zachary Ramos,Florida,Female
500,Ethan Frey,Florida,Male
501,Jacob Duran,Texas,Male
502,Nicholas Franklin,Illinois,Female
503,Cindy Cannon,California,Male
504,Dawn Nixon,Florida,Male
505,James Barber,Texas,Female
506,Ms. Kelly Holder,New York,Male
507,Eric Walker,Illinois,Female
508,Alison Short,Texas,Female
509,Desiree Spencer,Illinois,Male
510,Tammy Moore,Texas,Male
511,Henry Taylor,Illinois,Male
512,Kevin Hall,California,Female
513,Anna Ross,Texas,Female
514,Morgan Cummings,Florida,Female
515,Carrie Petersen,Florida,Female
516,Laura Velez,New York,Female
517,Elizabeth Cross,Florida,Female
518,Angela Brown,New York,Female
519,Hannah Montoya,California,Female
520,Sean Kane,Texas,Female
521,Matthew Guzman,California,Male
522,Richard Reyes,California,Female
523,Andrew Fernandez,Texas,Male
524,Jonathan Walker,New York,Female
525,Nicholas Long,Florida,Male
526,Kurt Wagner,Illinois,Female
527,Dylan Foster,New York,Female
528,Bradley Duncan,California,Male
529,James Miller,Florida,Female
530,Patricia Anderson,Illinois,Female
531,Justin Freeman,California,Male
532,Christina Gilbert,California,Female
533,Danielle Jones,Florida,Male
534,Erica Glass,Florida,Female
535,Michael Henderson,Texas,Male
536,Frank Wheeler,Florida,Male
537,Eric Huerta,New York,Male
538,Wanda Ramos,California,Female
539,Andrew Meyers,Illinois,Female
540,James Todd,California,Male
541,Ashley Brown,Florida,Female
542,Tammy Melton,California,Male
543,Alexis Benson,New York,Male
544,Jerry Johnson,California,Male
545,Joshua Harris,New York,Male
546,Deanna Webb,Florida,Female
547,Brenda Hale,Florida,Female
548,Kevin Alvarado,New York,Female
549,Christopher Campbell,Florida,Male
550,Lisa Brown,New York,Male
551,Alejandra Price,New York,Female
552,Samuel Keller,Texas,Female
553,Alicia Dillon,New York,Male
554,Crystal James,Florida,Male
555,Ariana Stewart,Texas,Female
556,Kim Lopez,Florida,Female
557,Judith House,Florida,Female
558,David Moreno,Illinois,Female
559,James Moore,New York,Female
560,Harold Garrett,California,Male
561,William Mason,Texas,Male
562,Lori Johns,California,Male
563,Robin Johnson,Illinois,Female
564,Diana Hernandez,Texas,Male
565,Mary Miller,New York,Male
566,Tyler Salazar,Texas,Female
567,Crystal Allen,Illinois,Female
568,Wesley Browning,Florida,Male
569,Joshua Clark,California,Female
570,Joshua Mcbride,Texas,Female
571,Ellen Thornton,Illinois,Male
572,Brandy Forbes,Illinois,Female
573,Brianna Fitzpatrick,California,Female
574,Emily Grant,New York,Male
575,Bailey Stewart,Illinois,Male
576,Monica Cannon,Florida,Male
577,Jennifer Jenkins,Illinois,Male
578,Timothy Shannon,New York,Female
579,Denise Maxwell,California,Male
580,Cody Farmer,California,Male
581,Debra Bradley,New York,Female
582,David Mcdaniel,California,Male
583,Michael Woods,Florida,Female
584,Lisa Joseph,Illinois,Female
585,Samuel Henry,Texas,Female
586,Corey Johnson,New York,Male
587,Alexis Nelson,California,Female
588,Patrick Mcneil,Texas,Female
589,Andrea Ho,Illinois,Female
590,Dr. Katherine Nguyen,Illinois,Female
591,David Sullivan,California,Female
592,Nicolas James,Texas,Female
593,Logan Newton,Florida,Female
594,Kelly Liu,Illinois,Female
595,Kelly Hayes,New York,Female
596,Amanda Forbes,Florida,Male
597,Jennifer Moss,California,Female
598,Kelli Mccoy,Florida,Female
599,Eddie Sanders,Texas,Female
600,Ronald Murray,Florida,Male
601,Louis Brown,Illinois,Male
602,Brenda Gallegos,California,Male
603,Nathan Wilson,New York,Male
604,Teresa Horton,New York,Male
605,Jason Hayes,Florida,Female
606,Kevin Marquez,New York,Female
607,Jesse Wright,Florida,Male
608,Susan Hogan,Texas,Female
609,Becky Wilson,California,Female
610,Jack Mills,Texas,Male
611,Richard Hunt,Texas,Female
612,Jamie James,Florida,Female
613,Susan Cunningham,California,Male
614,Brittany Melton,California,Male
615,Michael Barnes,New York,Male
616,Randy Griffin,New York,Male
617,Autumn Anderson,Texas,Female
618,Marcus King,Florida,Female
619,Scott Stephens,New York,Male
620,Stephen Young,Texas,Male
621,Karen Ortiz,Florida,Female
622,Kyle Sanchez,Illinois,Female
623,Lisa Grant,California,Female
624,Amber Hernandez,Texas,Male
625,Amanda Nash,Florida,Female
626,Sara Evans,Texas,Male
627,Amber Butler,Texas,Female
628,Michael Carr,Texas,Female
629,Linda Cobb,Florida,Female
630,Jesse Riley,New York,Male
631,Anna Evans,Texas,Male
632,James Jones,Texas,Female
633,Joshua Carter,Florida,Female
634,Michael Hill,Florida,Female
635,Kelly Dominguez,New York,Male
636,Ashley Blair,California,Female
637,Victoria Webb,Illinois,Male
638,Taylor Andersen,California,Female
639,Lee Stewart,California,Female
640,Whitney Gomez,California,Male
641,Justin Stone,New York,Male
642,Katherine White,California,Female
643,Michelle Krause,California,Male
644,Alexander Garrett,Florida,Female
645,Ryan Marsh,Florida,Female
646,Mrs. Felicia Castro DDS,New York,Male
647,Curtis Campbell,California,Male
648,Elizabeth Hunter,California,Female
649,Aaron Jennings,Florida,Female
650,Nathaniel Gilbert,Texas,Female
651,Christopher Rivera,New York,Male
652,Michael Hendricks,Illinois,Female
653,Maria Olson,Texas,Male
654,Stephanie Herrera,New York,Female
655,Richard Gutierrez,Florida,Female
656,Sandy Evans,New York,Male
657,Emily Herrera,California,Female
658,Michael Marsh,Illinois,Male
659,Heather Montes,Texas,Female
660,Andre Terrell,Texas,Male
661,Sarah Duncan,Florida,Male
662,Kurt Hancock,Texas,Male
663,Michele Edwards,Illinois,Male
664,Jason Crawford,Illinois,Male
665,Jesse Sampson,Texas,Female
666,Eric Rodriguez,New York,Male
667,Paula Gentry,Illinois,Female
668,Alexander Webb,New York,Female
669,Cheryl Mclean,California,Male
670,Kelly Rowe,Illinois,Female
671,Shane Short,Florida,Male
672,Megan Anderson,Illinois,Male
673,Julia Reeves,Illinois,Female
674,April Randolph,New York,Male
675,Linda Miller,New York,Female
676,Angel Meyer,New York,Male
677,Emily Lane,California,Male
678,Steven Flores,California,Male
679,Donald Flores,New York,Male
680,Bruce Hernandez,Illinois,Male
681,Adrian Dean,New York,Male
682,Christine Bell,Texas,Female
683,Charles Bush,Illinois,Male
684,David Jones,Illinois,Female
685,Gina Wallace,New York,Male
686,John Lowe,Texas,Male
687,Anthony Simmons,New York,Male
688,Kyle Watkins,Illinois,Male
689,Melissa Jensen,Florida,Female
690,Robert Marquez,Illinois,Male
691,Kim Beltran,New York,Female
692,Julie Anderson,Florida,Female
693,Tamara Mcdonald,New York,Male
694,Michael Mckinney,Illinois,Female
695,David Walker,Florida,Male
696,Lisa Durham,New York,Female
697,Michael Ortega,Florida,Female
698,Sonya Chavez,New York,Female
699,John Bell,New York,Male
700,Christopher Tate,New York,Female
701,Bethany Garcia,New York,Female
702,Rebecca Nguyen,Florida,Male
703,Rebecca Patel,Illinois,Male
704,Jason Oliver,Illinois,Male
705,Valerie Reyes,New York,Female
706,Robert Garza,New York,Female
707,Jessica Cobb,Illinois,Female
708,Cynthia Bates,California,Male
709,Timothy Andrews,Texas,Female
710,Mr. Joel Peters,Florida,Male
711,Casey Blanchard,Texas,Male
712,Brian Cervantes,Texas,Female
713,Jamie Snyder,Texas,Female
714,Ann Montoya,Illinois,Male
715,Stephanie Fields,California,Male
716,Charles Hernandez,Texas,Female
717,Jean Lane,Florida,Female
718,Michael Stewart,Texas,Female
719,Susan Torres,New York,Male
720,Jessica Haas,Texas,Male
721,Brandon Smith,Illinois,Male
722,Mrs. Bethany Phillips,New York,Female
723,Joshua Brown,California,Female
724,Samantha Howard,Texas,Female
725,Sharon Young,California,Female
726,Jennifer Flores,Illinois,Female
727,James Gardner,Texas,Male
728,Karen Lopez,Florida,Female
729,Tim Larsen,New York,Female
730,Zachary Santiago,Florida,Male
731,Benjamin Smith,Texas,Female
732,Katelyn Kim,Illinois,Male
733,Angela May MD,New York,Male
734,Richard Munoz,California,Female
735,Christopher Hicks,Texas,Female
736,Joanna Kelly,New York,Male
737,Larry Lane,Texas,Male
738,Cynthia Shaw,New York,Female
739,Joshua Richardson,Texas,Male
740,Laura Bush,Florida,Male
741,John Vaughn,Texas,Female
742,Nicholas Terrell,New York,Male
743,Dr. Julie Miller,Illinois,Male
744,Ann Kennedy,New York,Male
745,Toni Miller,Texas,Female
746,Rebecca Edwards,Texas,Male
747,Greg Osborne,Florida,Male
748,Jose Harrison,California,Male
749,Jennifer Yu,Texas,Male
750,Donna Johnson,New York,Male
751,Nicole Acosta,California,Female
752,Amy Kennedy,Texas,Male
753,Anthony Mooney,Florida,Male
754,Lori Mitchell,Texas,Female
755,Jonathan York,California,Female
756,Casey Campbell,Texas,Male
757,Alexis Rodriguez,Texas,Male
758,Kevin Hernandez,California,Male
759,Robert Green,Illinois,Female
760,Kari Lloyd,Florida,Female
761,Grace Miller,California,Male
762,Timothy Moore,Florida,Female
763,Wyatt Townsend II,Illinois,Male
764,Mark Clark,Florida,Female
765,Haley May,Texas,Female
766,Audrey Jackson,California,Female
767,Eric Reese,California,Female
768,Kim James,New York,Female
769,Karen Thomas,Illinois,Male
770,Alexandra Ho,New York,Female
771,Michael Nixon,Florida,Female
772,Amanda Hardin,Florida,Female
773,Tina Reynolds,Texas,Male
774,Shannon Rogers,Florida,Female
775,Brett Pena,Illinois,Male
776,Raymond Curry,New York,Male
777,Leah Lee,New York,Female
778,Michael White,California,Female
779,Megan Decker,Texas,Male
780,Brent Garcia,New York,Male
781,Daniel Campbell,Illinois,Female
782,Alexander Davis,Illinois,Female
783,Mary Houston,Illinois,Male
784,Margaret Erickson,Florida,Male
785,Scott Anderson,Illinois,Male
786,Stephanie Knight,Illinois,Male
787,Stephanie Dominguez,Texas,Female
788,John Mayer,Illinois,Female
789,Tammy Hill,Illinois,Male
790,Steven Carrillo,Texas,Male
791,Christopher Jones,Florida,Male
792,Janet Cook,Texas,Male
793,Tyler Baker,California,Female
794,John Mcfarland,Illinois,Female
795,Cassandra Vasquez,Florida,Female
796,Randy Robinson,California,Male
797,Susan Baldwin,Texas,Female
798,Benjamin Duncan,California,Female
799,Jeremy Mosley,New York,Female
800,Martin Fitzpatrick,Illinois,Female
801,Deborah Graves,California,Female
802,Laura Robertson,New York,Male
803,Katherine Graham,Florida,Female
804,Priscilla Floyd,New York,Female
805,April Finley,California,Female
806,Karen Bradley,Illinois,Female
807,Heather Maldonado,Texas,Male
808,Mark Benjamin,Illinois,Female
809,Joseph Woodward,Illinois,Male
810,Joe Miranda,California,Male
811,Cassandra Williams,Illinois,Female
812,Connor Dominguez,Texas,Female
813,Lydia Howard,Texas,Female
814,Mark Moss,New York,Male
815,Corey Cortez,Texas,Male
816,Katherine Brown,Florida,Female
817,Elizabeth Ferguson,Illinois,Female
818,Joann Forbes,Texas,Female
819,Anthony French,Florida,Male
820,Bruce Roman,Illinois,Female
821,Judy Gregory,Texas,Female
822,Brittany Riley,Illinois,Female
823,Amanda Thomas,Illinois,Female
824,Kaitlin Hardin,California,Male
825,Michael Anderson,Illinois,Female
826,Anthony Parker,Florida,Female
827,Joy Jackson,New York,Female
828,Sabrina Rodriguez,New York,Female
829,Robert Walker PhD,Texas,Male
830,Robert Hendrix,New York,Male
831,Erika Daugherty,Illinois,Female
832,Brenda Copeland,Texas,Male
833,Pamela Watkins,California,Male
834,Bryan Thomas,California,Male
835,Michael Tran,Texas,Female
836,Timothy Williams,Texas,Female
837,Ryan Salazar,New York,Male
838,Alexis Tucker,Texas,Female
839,Christopher Davis,New York,Female
840,Stacie Butler,Texas,Male
841,Patricia Schwartz,Texas,Male
842,Mark Mills,Florida,Female
843,Todd Bishop,Florida,Male
844,Christopher Porter,Illinois,Male
845,Lori Patton,New York,Female
846,Aaron Young,California,Male
847,Joseph Davis,Illinois,Male
848,Philip Fernandez,California,Male
849,Randy Hopkins,Florida,Female
850,Cory Hogan,New York,Male
851,Tracy Wells,New York,Male
852,Michael Williams,Texas,Female
853,Dominique Hamilton,Florida,Female
854,Robert Chang,New York,Male
855,Patrick Buckley,New York,Female
856,Richard Washington,Illinois,Female
857,Steven Griffith,Florida,Male
858,Erika Gonzalez,New York,Female
859,Erika Maxwell,California,Male
860,Brent Rojas,Illinois,Male
861,Jaime Walker,New York,Male
862,John Zamora,New York,Female
863,Timothy Gibson,Florida,Male
864,Chad Cortez,California,Female
865,Vanessa Harris,Florida,Female
866,Michael Brown,Texas,Female
867,Samuel Ellis,New York,Female
868,Greg Tanner,Illinois,Female
869,Rachel Little,Florida,Female
870,Carolyn Cordova,Texas,Male
871,Angelica Vincent,Illinois,Female
872,Zachary Vargas PhD,Illinois,Male
873,Nicholas Fitzgerald,Florida,Male
874,Garrett Riley,Illinois,Male
875,Leslie Hernandez,Florida,Female
876,Abigail Baird,New York,Female
877,John Mack,California,Male
878,Joseph Mendoza,New York,Female
879,Samantha Chavez,New York,Female
880,Justin Smith,California,Male
881,Tiffany Anderson,New York,Female
882,Matthew Davis,Texas,Female
883,Eric Warner,Florida,Male
884,Nicole Johnson,Illinois,Female
885,Raymond Sawyer,Illinois,Female
886,Richard Wood,Illinois,Male
887,Mark Dalton,Illinois,Male
888,Steven Cook,New York,Male
889,Jeffery Nelson,Florida,Male
890,Kimberly Norton,Texas,Male
891,Angela Gilmore,California,Female
892,Amy Dougherty,Florida,Female
893,Stacy Rodriguez,Illinois,Male
894,Manuel Diaz,Florida,Male
895,Justin Jones,Florida,Male
896,Christine Zavala,Florida,Female
897,Brian Mendoza,Illinois,Female
898,Lauren Haley,Illinois,Female
899,Patrick Perez,Texas,Male
900,Derek Frazier,Texas,Male
901,Arthur Reed,Florida,Female
902,Mr. Bryan Mckinney,California,Male
903,Kim Carter,Illinois,Female
904,Rebecca Dougherty,California,Male
905,Teresa Jones,Illinois,Male
906,Judith Miller,Texas,Female
907,Donna Frye,Florida,Female
908,Donald Terry,Illinois,Female
909,Shaun Meyer DDS,New York,Female
910,Wayne Weaver,California,Female
911,Gregory Wallace,Illinois,Male
912,Dorothy Brown,Texas,Female
913,Crystal Meza,New York,Female
914,Jennifer Cooper,New York,Female
915,Erin Watkins,New York,Female
916,Sarah Wallace,Illinois,Male
917,Carlos Clarke,California,Female
918,David Washington,California,Male
919,Patricia Williams,Texas,Male
920,Jesus Jackson,Florida,Male
921,Michelle Mitchell,Texas,Female
922,Sara Schwartz,Florida,Female
923,Brittany Young,Illinois,Female
924,Eugene Martinez,Illinois,Male
925,Cody Hart,Illinois,Male
926,Evan Cooper,California,Female
927,Joshua Martin,California,Female
928,Thomas Sullivan,Illinois,Male
929,Mr. Jimmy Flores Jr.,Texas,Male
930,Vanessa Rivera,Florida,Male
931,Kara Roberts,Illinois,Female
932,Veronica Berry,New York,Male
933,Keith Meadows,California,Male
934,Michael Dennis,Illinois,Female
935,Brenda Pierce,Florida,Male
936,James Randall,California,Male
937,Brandon Brown,Illinois,Female
938,Lauren Walker,New York,Male
939,Diana Johnson,Illinois,Male
940,Jill Powers,California,Male
941,Jorge Lee,California,Male
942,Larry Harding,Florida,Female
943,Heather Hernandez,New York,Male
944,Jaclyn Watson,Illinois,Male
945,Gregory Madden,Florida,Male
946,Anita Luna,New York,Male
947,Willie Lara,Illinois,Female
948,Robert Waller,Illinois,Male
949,Steven Taylor,Texas,Female
950,Angelica Clark,Florida,Male
951,Sean Hatfield,Florida,Female
952,Tyler Avila,California,Male
953,Jason Rocha,Illinois,Male
954,Justin Page,Illinois,Female
955,Breanna Lopez,Illinois,Female
956,Julian Williams,California,Female
957,Sandra Torres,New York,Male
958,Julie Johnson,New York,Male
959,Dennis Blanchard,Illinois,Male
960,Kaitlyn Valdez,Florida,Male
961,Jennifer Vasquez,Illinois,Male
962,Danielle Wilson,Texas,Female
963,Zachary Jones,California,Female
964,Lauren Cunningham,California,Female
965,Lori Alvarez,California,Male
966,Barbara Hunt,Illinois,Male
967,Sarah Martin,Texas,Male
968,Francisco Johns,California,Male
969,Christopher Nelson,Florida,Female
970,Thomas Kelly,Texas,Male
971,Joseph Mayer,California,Female
972,Pamela White,California,Male
973,Paul Stephens,Texas,Female
974,Samantha Cohen,California,Female
975,Michael Barker,New York,Female
976,Kevin Morrow,Illinois,Female
977,Joseph Watson,New York,Male
978,Mr. Thomas Garcia,New York,Female
979,Daniel Lopez,Illinois,Male
980,Lisa Guerra,New York,Female
981,Kim Arnold,California,Male
982,Ashley Stevens,Texas,Female
983,Robert Mclean,Texas,Male
984,Eric Cox,Texas,Male
985,Stacy Harper,New York,Female
986,Gloria Mckinney,California,Female
987,Robert Walker,Florida,Female
988,Brenda Perez,California,Male
989,Carlos Miller,California,Male
990,Rachel Jones,Illinois,Female
991,Nicole Williams,California,Male
992,Ricky Palmer,Illinois,Male
993,Bryan King,California,Male
994,Michael Webster,Texas,Male
995,Tamara Harris,Texas,Male
996,Cathy Bell,Texas,Female
997,Ryan Mcmahon,Florida,Female
998,Hannah Martin,Illinois,Male
999,Monica Allen,California,Female
1000,Annette Lane,Texas,Male
